{
  "__type__": "cc.SpriteFrame",
  "content": {
    "name": "zese_g",
    "atlas": "",
    "rect": {
      "x": 24,
      "y": 3,
      "width": 18,
      "height": 61
    },
    "offset": {
      "x": 0,
      "y": -0.5
    },
    "originalSize": {
      "width": 66,
      "height": 66
    },
    "rotated": false,
    "capInsets": [
      0,
      0,
      0,
      0
    ],
    "vertices": {
      "rawPosition": [
        -9,
        -30.5,
        0,
        9,
        -30.5,
        0,
        -9,
        30.5,
        0,
        9,
        30.5,
        0
      ],
      "indexes": [
        0,
        1,
        2,
        2,
        1,
        3
      ],
      "uv": [
        24,
        63,
        42,
        63,
        24,
        2,
        42,
        2
      ],
      "nuv": [
        0.36363636363636365,
        0.030303030303030304,
        0.6363636363636364,
        0.030303030303030304,
        0.36363636363636365,
        0.9545454545454546,
        0.6363636363636364,
        0.9545454545454546
      ],
      "minPos": {
        "x": -9,
        "y": -30.5,
        "z": 0
      },
      "maxPos": {
        "x": 9,
        "y": 30.5,
        "z": 0
      }
    },
    "texture": "bed4aa23-863a-482e-991c-5f685d7c4c4e@6c48a",
    "packable": true,
    "pixelsToUnit": 100,
    "pivot": {
      "x": 0.5,
      "y": 0.5
    },
    "meshType": 0
  }
}