{
  "__type__": "cc.SpriteFrame",
  "content": {
    "name": "star2",
    "atlas": "",
    "rect": {
      "x": 1,
      "y": 0,
      "width": 372,
      "height": 69
    },
    "offset": {
      "x": 0,
      "y": 0
    },
    "originalSize": {
      "width": 374,
      "height": 69
    },
    "rotated": false,
    "capInsets": [
      0,
      0,
      0,
      0
    ],
    "vertices": {
      "rawPosition": [
        -186,
        -34.5,
        0,
        186,
        -34.5,
        0,
        -186,
        34.5,
        0,
        186,
        34.5,
        0
      ],
      "indexes": [
        0,
        1,
        2,
        2,
        1,
        3
      ],
      "uv": [
        1,
        69,
        373,
        69,
        1,
        0,
        373,
        0
      ],
      "nuv": [
        0.00267379679144385,
        0,
        0.9973262032085561,
        0,
        0.00267379679144385,
        1,
        0.9973262032085561,
        1
      ],
      "minPos": {
        "x": -186,
        "y": -34.5,
        "z": 0
      },
      "maxPos": {
        "x": 186,
        "y": 34.5,
        "z": 0
      }
    },
    "texture": "5e780eda-0c80-4737-94be-a4096b00a0f8@6c48a",
    "packable": true,
    "pixelsToUnit": 100,
    "pivot": {
      "x": 0.5,
      "y": 0.5
    },
    "meshType": 0
  }
}