{
  "__type__": "cc.SpriteFrame",
  "content": {
    "name": "xuanzhuan_shun",
    "atlas": "",
    "rect": {
      "x": 1,
      "y": 1,
      "width": 64,
      "height": 64
    },
    "offset": {
      "x": 0,
      "y": 0
    },
    "originalSize": {
      "width": 66,
      "height": 66
    },
    "rotated": false,
    "capInsets": [
      0,
      0,
      0,
      0
    ],
    "vertices": {
      "rawPosition": [
        -32,
        -32,
        0,
        32,
        -32,
        0,
        -32,
        32,
        0,
        32,
        32,
        0
      ],
      "indexes": [
        0,
        1,
        2,
        2,
        1,
        3
      ],
      "uv": [
        1,
        65,
        65,
        65,
        1,
        1,
        65,
        1
      ],
      "nuv": [
        0.015151515151515152,
        0.015151515151515152,
        0.9848484848484849,
        0.015151515151515152,
        0.015151515151515152,
        0.9848484848484849,
        0.9848484848484849,
        0.9848484848484849
      ],
      "minPos": {
        "x": -32,
        "y": -32,
        "z": 0
      },
      "maxPos": {
        "x": 32,
        "y": 32,
        "z": 0
      }
    },
    "texture": "d788a9a8-26ae-4cd5-9901-2e5f8975d25c@6c48a",
    "packable": true,
    "pixelsToUnit": 100,
    "pivot": {
      "x": 0.5,
      "y": 0.5
    },
    "meshType": 0
  }
}