{
  "__type__": "cc.SpriteFrame",
  "content": {
    "name": "duoyong",
    "atlas": "",
    "rect": {
      "x": 5,
      "y": 5,
      "width": 57,
      "height": 57
    },
    "offset": {
      "x": 0.5,
      "y": -0.5
    },
    "originalSize": {
      "width": 66,
      "height": 66
    },
    "rotated": false,
    "capInsets": [
      0,
      0,
      0,
      0
    ],
    "vertices": {
      "rawPosition": [
        -28.5,
        -28.5,
        0,
        28.5,
        -28.5,
        0,
        -28.5,
        28.5,
        0,
        28.5,
        28.5,
        0
      ],
      "indexes": [
        0,
        1,
        2,
        2,
        1,
        3
      ],
      "uv": [
        5,
        61,
        62,
        61,
        5,
        4,
        62,
        4
      ],
      "nuv": [
        0.07575757575757576,
        0.06060606060606061,
        0.9393939393939394,
        0.06060606060606061,
        0.07575757575757576,
        0.9242424242424242,
        0.9393939393939394,
        0.9242424242424242
      ],
      "minPos": {
        "x": -28.5,
        "y": -28.5,
        "z": 0
      },
      "maxPos": {
        "x": 28.5,
        "y": 28.5,
        "z": 0
      }
    },
    "texture": "39c348a9-5f6c-497a-aedb-4c7151f566e4@6c48a",
    "packable": true,
    "pixelsToUnit": 100,
    "pivot": {
      "x": 0.5,
      "y": 0.5
    },
    "meshType": 0
  }
}