{
  "__type__": "cc.SpriteFrame",
  "content": {
    "name": "chuansong",
    "atlas": "",
    "rect": {
      "x": 3,
      "y": 3,
      "width": 60,
      "height": 60
    },
    "offset": {
      "x": 0,
      "y": 0
    },
    "originalSize": {
      "width": 66,
      "height": 66
    },
    "rotated": false,
    "capInsets": [
      0,
      0,
      0,
      0
    ],
    "vertices": {
      "rawPosition": [
        -30,
        -30,
        0,
        30,
        -30,
        0,
        -30,
        30,
        0,
        30,
        30,
        0
      ],
      "indexes": [
        0,
        1,
        2,
        2,
        1,
        3
      ],
      "uv": [
        3,
        63,
        63,
        63,
        3,
        3,
        63,
        3
      ],
      "nuv": [
        0.045454545454545456,
        0.045454545454545456,
        0.9545454545454546,
        0.045454545454545456,
        0.045454545454545456,
        0.9545454545454546,
        0.9545454545454546,
        0.9545454545454546
      ],
      "minPos": {
        "x": -30,
        "y": -30,
        "z": 0
      },
      "maxPos": {
        "x": 30,
        "y": 30,
        "z": 0
      }
    },
    "texture": "bb1bf1f1-8a56-430c-bb98-cb19d2ee033e@6c48a",
    "packable": true,
    "pixelsToUnit": 100,
    "pivot": {
      "x": 0.5,
      "y": 0.5
    },
    "meshType": 0
  }
}