{
  "__type__": "cc.SpriteFrame",
  "content": {
    "name": "fanse",
    "atlas": "",
    "rect": {
      "x": 4,
      "y": 4,
      "width": 58,
      "height": 58
    },
    "offset": {
      "x": 0,
      "y": 0
    },
    "originalSize": {
      "width": 66,
      "height": 66
    },
    "rotated": false,
    "capInsets": [
      0,
      0,
      0,
      0
    ],
    "vertices": {
      "rawPosition": [
        -29,
        -29,
        0,
        29,
        -29,
        0,
        -29,
        29,
        0,
        29,
        29,
        0
      ],
      "indexes": [
        0,
        1,
        2,
        2,
        1,
        3
      ],
      "uv": [
        4,
        62,
        62,
        62,
        4,
        4,
        62,
        4
      ],
      "nuv": [
        0.06060606060606061,
        0.06060606060606061,
        0.9393939393939394,
        0.06060606060606061,
        0.06060606060606061,
        0.9393939393939394,
        0.9393939393939394,
        0.9393939393939394
      ],
      "minPos": {
        "x": -29,
        "y": -29,
        "z": 0
      },
      "maxPos": {
        "x": 29,
        "y": 29,
        "z": 0
      }
    },
    "texture": "90c5862e-ea52-4665-8d6a-90c3f32defba@6c48a",
    "packable": true,
    "pixelsToUnit": 100,
    "pivot": {
      "x": 0.5,
      "y": 0.5
    },
    "meshType": 0
  }
}